Ride,Park,Queue Time,Country,Continent,Operator
Rat Mill,Familypark,20,Austria,Europe,Compagnie des Alpes
Leonardo's Flying Machines,Familypark,17,Austria,Europe,Compagnie des Alpes
Azurgo,Familypark,14,Austria,Europe,Compagnie des Alpes
Flying Fish,Familypark,14,Austria,Europe,Compagnie des Alpes
Tractor Ride,Familypark,13,Austria,Europe,Compagnie des Alpes
Beaver Lodge,Familypark,12,Austria,Europe,Compagnie des Alpes
Crocodile Splash Ride,Familypark,12,Austria,Europe,Compagnie des Alpes
Temple Slide,Familypark,12,Austria,Europe,Compagnie des Alpes
Lightning of the Gods,Familypark,11,Austria,Europe,Compagnie des Alpes
Jumping Frog,Familypark,10,Austria,Europe,Compagnie des Alpes
Amazonia,Bellewaerde,32,Belgium,Europe,Compagnie des Alpes
Huracan,Bellewaerde,21,Belgium,Europe,Compagnie des Alpes
Bengal Rapid River,Bellewaerde,20,Belgium,Europe,Compagnie des Alpes
Dawson Duel,Bellewaerde,20,Belgium,Europe,Compagnie des Alpes
Rio do Cafe,Bellewaerde,19,Belgium,Europe,Compagnie des Alpes
Jungle Mission,Bellewaerde,17,Belgium,Europe,Compagnie des Alpes
Boomerang,Bellewaerde,14,Belgium,Europe,Compagnie des Alpes
Brazilian Buggies,Bellewaerde,13,Belgium,Europe,Compagnie des Alpes
Hampi,Bellewaerde,13,Belgium,Europe,Compagnie des Alpes
Wakala,Bellewaerde,13,Belgium,Europe,Compagnie des Alpes
Fury,Bobbejaanland,22,Belgium,Europe,Parques Reunidos
Naga Bay,Bobbejaanland,21,Belgium,Europe,Parques Reunidos
Dreamcatcher,Bobbejaanland,20,Belgium,Europe,Parques Reunidos
Terra Magma,Bobbejaanland,20,Belgium,Europe,Parques Reunidos
Typhoon,Bobbejaanland,19,Belgium,Europe,Parques Reunidos
Revolution,Bobbejaanland,16,Belgium,Europe,Parques Reunidos
Wild Water Slide,Bobbejaanland,16,Belgium,Europe,Parques Reunidos
Bob Express,Bobbejaanland,14,Belgium,Europe,Parques Reunidos
Speedy Bob,Bobbejaanland,13,Belgium,Europe,Parques Reunidos
Oki Doki,Bobbejaanland,12,Belgium,Europe,Parques Reunidos
Heidi the Ride,Plopsaland de Panne,22,Belgium,Europe,Plopsa
Bumba's World Trip,Plopsaland de Panne,18,Belgium,Europe,Plopsa
K3 Roller Skater,Plopsaland de Panne,17,Belgium,Europe,Plopsa
Plop's Woods,Plopsaland de Panne,17,Belgium,Europe,Plopsa
DinoSplash,Plopsaland de Panne,15,Belgium,Europe,Plopsa
SuperSplash,Plopsaland de Panne,15,Belgium,Europe,Plopsa
Anubis The Ride,Plopsaland de Panne,14,Belgium,Europe,Plopsa
Plopsa Express (Heidiland),Plopsaland de Panne,14,Belgium,Europe,Plopsa
Ride to Happiness,Plopsaland de Panne,14,Belgium,Europe,Plopsa
The Tractors,Plopsaland de Panne,14,Belgium,Europe,Plopsa
Tiki Waka,Walibi Belgium,32,Belgium,Europe,Compagnie des Alpes
Pulsar,Walibi Belgium,23,Belgium,Europe,Compagnie des Alpes
Vampire,Walibi Belgium,23,Belgium,Europe,Compagnie des Alpes
Kondaa,Walibi Belgium,22,Belgium,Europe,Compagnie des Alpes
Werewolf,Walibi Belgium,22,Belgium,Europe,Compagnie des Alpes
Challenge of Tutankhamon,Walibi Belgium,20,Belgium,Europe,Compagnie des Alpes
Cobra,Walibi Belgium,19,Belgium,Europe,Compagnie des Alpes
Psyke Underground,Walibi Belgium,18,Belgium,Europe,Compagnie des Alpes
Radja River,Walibi Belgium,17,Belgium,Europe,Compagnie des Alpes
Calamity Mine,Walibi Belgium,15,Belgium,Europe,Compagnie des Alpes
Madagascar Crazy River Adventure!,Beto Carrero World,81,Brazil,South America,Other
Tchibum,Beto Carrero World,57,Brazil,South America,Other
Spin Blast,Beto Carrero World,47,Brazil,South America,Other
Raskapuska,Beto Carrero World,46,Brazil,South America,Other
Star Mountain,Beto Carrero World,46,Brazil,South America,Other
Firewhip,Beto Carrero World,40,Brazil,South America,Other
Roda-Gigante,Beto Carrero World,38,Brazil,South America,Other
Tigor Mountain,Beto Carrero World,38,Brazil,South America,Other
Big Tower,Beto Carrero World,37,Brazil,South America,Other
Rebulico,Beto Carrero World,32,Brazil,South America,Other
Yukon Striker,Canada's Wonderland,42,Canada,North America,Six Flags
Leviathan,Canada's Wonderland,40,Canada,North America,Six Flags
Snoopy's Racing Railway,Canada's Wonderland,40,Canada,North America,Six Flags
Wonder Mountain's Guardian,Canada's Wonderland,37,Canada,North America,Six Flags
White Water Canyon,Canada's Wonderland,33,Canada,North America,Six Flags
Backlot Stunt Coaster,Canada's Wonderland,32,Canada,North America,Six Flags
Vortex,Canada's Wonderland,32,Canada,North America,Six Flags
Behemoth,Canada's Wonderland,30,Canada,North America,Six Flags
Ghoster Coaster,Canada's Wonderland,29,Canada,North America,Six Flags
The Fly,Canada's Wonderland,28,Canada,North America,Six Flags
Monstre,La Ronde,47,Canada,North America,Six Flags
Toboggan Nordique,La Ronde,46,Canada,North America,Six Flags
Titan,La Ronde,32,Canada,North America,Six Flags
Splash,La Ronde,31,Canada,North America,Six Flags
Dragon,La Ronde,27,Canada,North America,Six Flags
Chaos,La Ronde,21,Canada,North America,Six Flags
Boomerang,La Ronde,20,Canada,North America,Six Flags
La Marche du Mille-pattes,La Ronde,20,Canada,North America,Six Flags
Goliath,La Ronde,19,Canada,North America,Six Flags
Orbite,La Ronde,18,Canada,North America,Six Flags
Dodgem,Chimelong Paradise,36,China,Asia,Chimelong Group
Rocket Roller Coaster,Chimelong Paradise,28,China,Asia,Chimelong Group
Pegasus Family Roller Coaster,Chimelong Paradise,27,China,Asia,Chimelong Group
10-Ring Roller Coaster,Chimelong Paradise,24,China,Asia,Chimelong Group
Flying Wheel,Chimelong Paradise,24,China,Asia,Chimelong Group
Vertical Roller Coaster,Chimelong Paradise,23,China,Asia,Chimelong Group
Four-Dimensional Cinema,Chimelong Paradise,21,China,Asia,Chimelong Group
Hop On and Off with Joy,Chimelong Paradise,21,China,Asia,Chimelong Group
Super Big Pendulum,Chimelong Paradise,21,China,Asia,Chimelong Group
Rapids,Chimelong Paradise,20,China,Asia,Chimelong Group
4D Cinema,Chimelong Safari Park,32,China,Asia,Chimelong Group
The Train Operates,Chimelong Safari Park,32,China,Asia,Chimelong Group
Cable Car Panda Paradise Station (Swan Lake),Chimelong Safari Park,22,China,Asia,Chimelong Group
Cable Car Panda Paradise Station (Huanyuan),Chimelong Safari Park,16,China,Asia,Chimelong Group
Cable Car Panda Paradise Station (African Savannah),Chimelong Safari Park,14,China,Asia,Chimelong Group
Soaring over the Horizon,Shanghai Disneyland,83,China,Asia,Disney
Seven Dwarfs Mine Train,Shanghai Disneyland,66,China,Asia,Disney
Zootopia Hot Pursuit,Shanghai Disneyland,56,China,Asia,Disney
Roaring Rapids,Shanghai Disneyland,55,China,Asia,Disney
Rex's Racer,Shanghai Disneyland,47,China,Asia,Disney
Tron Lightcycle Power Run,Shanghai Disneyland,43,China,Asia,Disney
Jet Packs,Shanghai Disneyland,35,China,Asia,Disney
Selfie Spot with Princesses,Shanghai Disneyland,34,China,Asia,Disney
Peter Pan's Flight,Shanghai Disneyland,31,China,Asia,Disney
The Many Adventures of Winnie the Pooh,Shanghai Disneyland,31,China,Asia,Disney
Flight of the Hippogriff,Universal Studios Beijing,64,China,Asia,Universal
Jurassic Flyers,Universal Studios Beijing,56,China,Asia,Universal
Harry Potter and the Forbidden Journey,Universal Studios Beijing,54,China,Asia,Universal
Jurassic World Adventure,Universal Studios Beijing,37,China,Asia,Universal
Transformers: Battle for the Allspark,Universal Studios Beijing,37,China,Asia,Universal
Loop-Dee Doop-Dee,Universal Studios Beijing,35,China,Asia,Universal
Despicable Me Minion Mayhem,Universal Studios Beijing,33,China,Asia,Universal
Decepticoaster,Universal Studios Beijing,29,China,Asia,Universal
Raptor Encounter,Universal Studios Beijing,26,China,Asia,Universal
Ollivanders,Universal Studios Beijing,17,China,Asia,Universal
DrageKongen,Djurs Sommerland,22,Denmark,Europe,Other
Juvelen,Djurs Sommerland,19,Denmark,Europe,Other
Rio Grande Rafting,Djurs Sommerland,18,Denmark,Europe,Other
Piraten,Djurs Sommerland,17,Denmark,Europe,Other
Thor's Hammer,Djurs Sommerland,17,Denmark,Europe,Other
Fossilvaskeren,Djurs Sommerland,16,Denmark,Europe,Other
Den Vilde Honsejagt,Djurs Sommerland,14,Denmark,Europe,Other
Tigeren,Djurs Sommerland,14,Denmark,Europe,Other
Dino Xpedition,Djurs Sommerland,13,Denmark,Europe,Other
Skatteoen,Djurs Sommerland,13,Denmark,Europe,Other
Flagermusen,Farup Sommerland,12,Denmark,Europe,Other
4D-Biografen,Farup Sommerland,11,Denmark,Europe,Other
Fonix,Farup Sommerland,11,Denmark,Europe,Other
Heste,Farup Sommerland,10,Denmark,Europe,Other
Farup Rafting,Farup Sommerland,9,Denmark,Europe,Other
Lynet,Farup Sommerland,9,Denmark,Europe,Other
Orkanen,Farup Sommerland,8,Denmark,Europe,Other
Saven,Farup Sommerland,8,Denmark,Europe,Other
Flodraketten,Farup Sommerland,6,Denmark,Europe,Other
Mine-Expressen,Farup Sommerland,6,Denmark,Europe,Other
Flying Eagle,Legoland Billund,22,Denmark,Europe,Merlin
Emmet's Flying Adventure,Legoland Billund,16,Denmark,Europe,Merlin
X-treme Racers,Legoland Billund,14,Denmark,Europe,Merlin
Lego Canoe,Legoland Billund,13,Denmark,Europe,Merlin
Polar X-plorer,Legoland Billund,13,Denmark,Europe,Merlin
Apocalypseburg Sky Battle,Legoland Billund,12,Denmark,Europe,Merlin
The Dragon,Legoland Billund,12,Denmark,Europe,Merlin
Ghost: The Haunted House,Legoland Billund,9,Denmark,Europe,Merlin
Ninjago: The Ride,Legoland Billund,9,Denmark,Europe,Merlin
The Temple,Legoland Billund,6,Denmark,Europe,Merlin
Wicker Man,Alton Towers,48,United Kingdom,Europe,Merlin
The Smiler,Alton Towers,46,United Kingdom,Europe,Merlin
Thirteen,Alton Towers,34,United Kingdom,Europe,Merlin
Rita,Alton Towers,33,United Kingdom,Europe,Merlin
Galactica,Alton Towers,32,United Kingdom,Europe,Merlin
Spinball Whizzer,Alton Towers,29,United Kingdom,Europe,Merlin
Get Set Go Treetop Adventure,Alton Towers,27,United Kingdom,Europe,Merlin
Octonauts Rollercoaster Adventure,Alton Towers,26,United Kingdom,Europe,Merlin
Runaway Mine Train,Alton Towers,25,United Kingdom,Europe,Merlin
Congo River Rapids,Alton Towers,24,United Kingdom,Europe,Merlin
Big One,Blackpool Pleasure Beach,26,United Kingdom,Europe,Other
Icon,Blackpool Pleasure Beach,24,United Kingdom,Europe,Other
Valhalla,Blackpool Pleasure Beach,23,United Kingdom,Europe,Other
Avalanche,Blackpool Pleasure Beach,20,United Kingdom,Europe,Other
Infusion,Blackpool Pleasure Beach,20,United Kingdom,Europe,Other
Nickelodeon Streak,Blackpool Pleasure Beach,19,United Kingdom,Europe,Other
Big Dipper,Blackpool Pleasure Beach,17,United Kingdom,Europe,Other
Ghost Train,Blackpool Pleasure Beach,16,United Kingdom,Europe,Other
Grand National,Blackpool Pleasure Beach,16,United Kingdom,Europe,Other
Steeplechase,Blackpool Pleasure Beach,15,United Kingdom,Europe,Other
Dragon's Fury,Chessington World of Adventures,45,United Kingdom,Europe,Merlin
Vampire,Chessington World of Adventures,42,United Kingdom,Europe,Merlin
KOBRA,Chessington World of Adventures,30,United Kingdom,Europe,Merlin
Mandrill Mayhem,Chessington World of Adventures,30,United Kingdom,Europe,Merlin
Rattlesnake,Chessington World of Adventures,29,United Kingdom,Europe,Merlin
River Rafts,Chessington World of Adventures,27,United Kingdom,Europe,Merlin
ZUFARI: Ride Into Africa,Chessington World of Adventures,27,United Kingdom,Europe,Merlin
Croc Drop,Chessington World of Adventures,25,United Kingdom,Europe,Merlin
Tiger Rock,Chessington World of Adventures,25,United Kingdom,Europe,Merlin
The Gruffalo River Ride Adventure,Chessington World of Adventures,23,United Kingdom,Europe,Merlin
Flight of the Sky Lion,Legoland Windsor,39,United Kingdom,Europe,Merlin
Coastguard HQ,Legoland Windsor,31,United Kingdom,Europe,Merlin
Pirate Falls Treasure Quest,Legoland Windsor,31,United Kingdom,Europe,Merlin
Lego Ninjago The Ride,Legoland Windsor,30,United Kingdom,Europe,Merlin
Hydra's Challenge,Legoland Windsor,29,United Kingdom,Europe,Merlin
Laser Raiders,Legoland Windsor,29,United Kingdom,Europe,Merlin
Fire Academy,Legoland Windsor,28,United Kingdom,Europe,Merlin
Duplo Dino Coaster,Legoland Windsor,25,United Kingdom,Europe,Merlin
The Dragon,Legoland Windsor,25,United Kingdom,Europe,Merlin
Lego City Driving School,Legoland Windsor,24,United Kingdom,Europe,Merlin
Miss Rabbit's Helicopter Flight,Paultons Park,20,United Kingdom,Europe,Other
George's Dinosaur Adventure,Paultons Park,18,United Kingdom,Europe,Other
Grampy Rabbit's Sailing Club,Paultons Park,16,United Kingdom,Europe,Other
The Queen's Flying Coach Ride,Paultons Park,15,United Kingdom,Europe,Other
Daddy Pig's Car Ride,Paultons Park,14,United Kingdom,Europe,Other
Buffalo Falls,Paultons Park,13,United Kingdom,Europe,Other
Flight of the Pterosaur,Paultons Park,13,United Kingdom,Europe,Other
Splash Lagoon,Paultons Park,13,United Kingdom,Europe,Other
Cobra,Paultons Park,12,United Kingdom,Europe,Other
Peppa's Big Balloon Ride,Paultons Park,12,United Kingdom,Europe,Other
Hyperia,Thorpe Park,83,United Kingdom,Europe,Merlin
Ghost Train,Thorpe Park,41,United Kingdom,Europe,Merlin
Saw The Ride,Thorpe Park,41,United Kingdom,Europe,Merlin
Colossus,Thorpe Park,40,United Kingdom,Europe,Merlin
Nemesis Inferno,Thorpe Park,36,United Kingdom,Europe,Merlin
Storm Surge,Thorpe Park,34,United Kingdom,Europe,Merlin
The Swarm,Thorpe Park,31,United Kingdom,Europe,Merlin
Stealth,Thorpe Park,29,United Kingdom,Europe,Merlin
Rush,Thorpe Park,22,United Kingdom,Europe,Merlin
Samurai,Thorpe Park,21,United Kingdom,Europe,Merlin
Princess Pavilion,Disneyland Park Paris,71,France,Europe,Disney
Meet Mickey Mouse,Disneyland Park Paris,52,France,Europe,Disney
Big Thunder Mountain,Disneyland Park Paris,43,France,Europe,Disney
Disneyland Railroad (Main Street),Disneyland Park Paris,43,France,Europe,Disney
Peter Pan's Flight,Disneyland Park Paris,41,France,Europe,Disney
Disneyland Railroad (Discoveryland),Disneyland Park Paris,32,France,Europe,Disney
Buzz Lightyear Laser Blast,Disneyland Park Paris,30,France,Europe,Disney
Star Wars Hyperspace Mountain,Disneyland Park Paris,28,France,Europe,Disney
Autopia,Disneyland Park Paris,27,France,Europe,Disney
Disneyland Railroad (Fantasyland),Disneyland Park Paris,27,France,Europe,Disney
"IllusiO, A Magical Destiny",Futuroscope,37,France,Europe,Compagnie des Alpes
Destination Mars,Futuroscope,33,France,Europe,Compagnie des Alpes
The Extraordinary Journey,Futuroscope,31,France,Europe,Compagnie des Alpes
Tornado Chasers,Futuroscope,27,France,Europe,Compagnie des Alpes
Dances with Robots,Futuroscope,25,France,Europe,Compagnie des Alpes
"Arthur, the 4D Adventure",Futuroscope,23,France,Europe,Compagnie des Alpes
The Time Machine,Futuroscope,23,France,Europe,Compagnie des Alpes
Chocs Cosmiques,Futuroscope,18,France,Europe,Compagnie des Alpes
Dynamic Vienne,Futuroscope,17,France,Europe,Compagnie des Alpes
Dynamic!,Futuroscope,17,France,Europe,Compagnie des Alpes
Down the Colorado River,Le Pal,28,France,Europe,Other
The Canadian River,Le Pal,24,France,Europe,Other
Yukon Quad,Le Pal,24,France,Europe,Other
Fjord Explorer,Le Pal,23,France,Europe,Other
Azteka,Le Pal,21,France,Europe,Other
Champi'folies,Le Pal,21,France,Europe,Other
The Adventurers' Train,Le Pal,21,France,Europe,Other
The Siberian Tiger,Le Pal,19,France,Europe,Other
The Sun Disc,Le Pal,17,France,Europe,Other
Voyage over the World,Le Pal,15,France,Europe,Other
King's Balloon,Le Parc du Petit Prince,32,France,Europe,Other
Thunder Stone,Le Parc du Petit Prince,29,France,Europe,Other
South Atlantik,Le Parc du Petit Prince,18,France,Europe,Other
Underwater Planet,Le Parc du Petit Prince,18,France,Europe,Other
Little Prince and Friends,Le Parc du Petit Prince,17,France,Europe,Other
Trampoline Park,Le Parc du Petit Prince,15,France,Europe,Other
The Snake,Le Parc du Petit Prince,14,France,Europe,Other
The Little Prince's Friend's House,Le Parc du Petit Prince,13,France,Europe,Other
The Fox Burrow,Le Parc du Petit Prince,12,France,Europe,Other
King's Balloon: VR Experience,Le Parc du Petit Prince,11,France,Europe,Other
Balloon,PanoraMagique,9,France,Europe,Disney
Discobelix,Parc Asterix,46,France,Europe,Compagnie des Alpes
Tonnerre 2 Zeus,Parc Asterix,43,France,Europe,Compagnie des Alpes
Toutatis,Parc Asterix,40,France,Europe,Compagnie des Alpes
OzIris,Parc Asterix,35,France,Europe,Compagnie des Alpes
Pegase Express,Parc Asterix,34,France,Europe,Compagnie des Alpes
La Trace du Hourra,Parc Asterix,26,France,Europe,Compagnie des Alpes
Le Vol d'Icare,Parc Asterix,23,France,Europe,Compagnie des Alpes
Menhir Express,Parc Asterix,22,France,Europe,Compagnie des Alpes
Goudurix,Parc Asterix,20,France,Europe,Compagnie des Alpes
L'Oxygenarium,Parc Asterix,19,France,Europe,Compagnie des Alpes
Mission Vulcania: Operation Sauvetage,Vulcania,14,France,Europe,Other
Regards sur les volcans,Vulcania,14,France,Europe,Other
Reveil des Geants d'Auvergne,Vulcania,9,France,Europe,Other
Abyss Explorer,Vulcania,8,France,Europe,Other
Namazu,Vulcania,7,France,Europe,Other
Volcans Sacres,Vulcania,7,France,Europe,Other
Dragon Ride 2,Vulcania,6,France,Europe,Other
Premier Envol,Vulcania,6,France,Europe,Other
Terre en Colere,Vulcania,6,France,Europe,Other
Bambooz River,Walibi Rhone-Alpes,29,France,Europe,Compagnie des Alpes
Gold River,Walibi Rhone-Alpes,29,France,Europe,Compagnie des Alpes
Mahuka,Walibi Rhone-Alpes,28,France,Europe,Compagnie des Alpes
Woodstock Express,Walibi Rhone-Alpes,27,France,Europe,Compagnie des Alpes
Le Totem,Walibi Rhone-Alpes,22,France,Europe,Compagnie des Alpes
Timber,Walibi Rhone-Alpes,22,France,Europe,Compagnie des Alpes
AirBoat,Walibi Rhone-Alpes,21,France,Europe,Compagnie des Alpes
Mystic,Walibi Rhone-Alpes,21,France,Europe,Compagnie des Alpes
Generator,Walibi Rhone-Alpes,17,France,Europe,Compagnie des Alpes
Surf Music,Walibi Rhone-Alpes,17,France,Europe,Compagnie des Alpes
Crush's Coaster,Walt Disney Studios Park,64,France,Europe,Disney
Spider-Man WEB Adventure,Walt Disney Studios Park,47,France,Europe,Disney
Ratatouille,Walt Disney Studios Park,43,France,Europe,Disney
RC Racer,Walt Disney Studios Park,35,France,Europe,Disney
Toy Soldiers Parachute Drop,Walt Disney Studios Park,35,France,Europe,Disney
Meet Spider Man,Walt Disney Studios Park,34,France,Europe,Disney
The Twilight Zone Tower of Terror,Walt Disney Studios Park,30,France,Europe,Disney
Avengers Assemble Flight Force,Walt Disney Studios Park,18,France,Europe,Disney
Cars Quatre Roues Rally,Walt Disney Studios Park,12,France,Europe,Disney
Cars Road Trip,Walt Disney Studios Park,12,France,Europe,Disney
Voltron Nevera,Europa Park,45,Germany,Europe,Mack Rides
Wodan Timburcoaster,Europa Park,29,Germany,Europe,Mack Rides
Arthur,Europa Park,26,Germany,Europe,Mack Rides
Blue Fire Megacoaster,Europa Park,25,Germany,Europe,Mack Rides
Eurosat CanCan Coaster,Europa Park,25,Germany,Europe,Mack Rides
Silver Star,Europa Park,21,Germany,Europe,Mack Rides
Voletarium,Europa Park,21,Germany,Europe,Mack Rides
Matterhorn Blitz,Europa Park,20,Germany,Europe,Mack Rides
Swiss Bob Run,Europa Park,20,Germany,Europe,Mack Rides
Poseidon,Europa Park,18,Germany,Europe,Mack Rides
Colossos Kampf der Giganten,Heide Park,36,Germany,Europe,Merlin
Damonen Gruft,Heide Park,25,Germany,Europe,Merlin
Flug der Damonen,Heide Park,25,Germany,Europe,Merlin
Krake,Heide Park,25,Germany,Europe,Merlin
Bobbahn,Heide Park,23,Germany,Europe,Merlin
Toxic Garden,Heide Park,21,Germany,Europe,Merlin
Wildwasserbahn,Heide Park,21,Germany,Europe,Merlin
Desert Race,Heide Park,19,Germany,Europe,Merlin
Big Loop,Heide Park,17,Germany,Europe,Merlin
Ghostbusters 5D,Heide Park,17,Germany,Europe,Merlin
Wickie Splash,Holiday Park,23,Germany,Europe,Plopsa
The Big Wave,Holiday Park,20,Germany,Europe,Plopsa
Wickie Playground,Holiday Park,20,Germany,Europe,Plopsa
Expedition GeForce,Holiday Park,16,Germany,Europe,Plopsa
Sky Fly,Holiday Park,14,Germany,Europe,Plopsa
Splash Battle,Holiday Park,14,Germany,Europe,Plopsa
DinoSplash,Holiday Park,12,Germany,Europe,Plopsa
Free Fall Tower,Holiday Park,10,Germany,Europe,Plopsa
Tabaluga's Roller Coaster,Holiday Park,9,Germany,Europe,Plopsa
Sky Scream,Holiday Park,8,Germany,Europe,Plopsa
Jungle X-pedition,Legoland Deutschland,27,Germany,Europe,Merlin
Flying Ninjago,Legoland Deutschland,26,Germany,Europe,Merlin
Fire Dragon,Legoland Deutschland,25,Germany,Europe,Merlin
The Great Lego Race,Legoland Deutschland,25,Germany,Europe,Merlin
Maximus: The Guardian's Flight,Legoland Deutschland,24,Germany,Europe,Merlin
Dragon Hunt,Legoland Deutschland,23,Germany,Europe,Merlin
Atlantis,Legoland Deutschland,22,Germany,Europe,Merlin
Pedal-A-Car,Legoland Deutschland,22,Germany,Europe,Merlin
Harbour Cruise,Legoland Deutschland,21,Germany,Europe,Merlin
Lego Ninjago The Ride,Legoland Deutschland,18,Germany,Europe,Merlin
Van Helsing's Factory,Movie Park Germany,25,Germany,Europe,Parques Reunidos
Star Trek Operation Enterprise,Movie Park Germany,20,Germany,Europe,Parques Reunidos
Iron Claw,Movie Park Germany,19,Germany,Europe,Parques Reunidos
Movie Park Studio Tour,Movie Park Germany,19,Germany,Europe,Parques Reunidos
Bandit,Movie Park Germany,19,Germany,Europe,Parques Reunidos
Dora's Big River Adventure,Movie Park Germany,18,Germany,Europe,Parques Reunidos
Area 51,Movie Park Germany,16,Germany,Europe,Parques Reunidos
Ghost Chasers,Movie Park Germany,16,Germany,Europe,Parques Reunidos
The Lost Temple,Movie Park Germany,16,Germany,Europe,Parques Reunidos
Excalibur,Movie Park Germany,15,Germany,Europe,Parques Reunidos
Taron,Phantasialand,33,Germany,Europe,Other
FLY,Phantasialand,29,Germany,Europe,Other
River Quest,Phantasialand,28,Germany,Europe,Other
Crazy Bats,Phantasialand,23,Germany,Europe,Other
Black Mamba,Phantasialand,18,Germany,Europe,Other
Colorado Adventure,Phantasialand,18,Germany,Europe,Other
Winjas Fear,Phantasialand,18,Germany,Europe,Other
Winjas Force,Phantasialand,18,Germany,Europe,Other
Maus au Chocolat,Phantasialand,17,Germany,Europe,Other
Raik,Phantasialand,17,Germany,Europe,Other
Vinter Rytt,Rulantica,22,Germany,Europe,Mack Rides
Svalgur Rytt,Rulantica,21,Germany,Europe,Mack Rides
Stormvind,Rulantica,13,Germany,Europe,Mack Rides
Tva Fall,Rulantica,10,Germany,Europe,Mack Rides
Hugin,Rulantica,9,Germany,Europe,Mack Rides
Munin,Rulantica,9,Germany,Europe,Mack Rides
Vikinglop,Rulantica,9,Germany,Europe,Mack Rides
Snorri's Saga,Rulantica,8,Germany,Europe,Mack Rides
Dugdrob,Rulantica,7,Germany,Europe,Mack Rides
Vildfal,Rulantica,7,Germany,Europe,Mack Rides
Meet LinaBell at Duffy and Friends Play House,Hong Kong Disneyland,73,Hong Kong,Asia,Disney
Meet CookieAnn at Duffy and Friends Play House,Hong Kong Disneyland,47,Hong Kong,Asia,Disney
The Royal Reception Hall,Hong Kong Disneyland,44,Hong Kong,Asia,Disney
Meet StellaLou at Duffy and Friends Play House,Hong Kong Disneyland,41,Hong Kong,Asia,Disney
Meet Gelatoni at Duffy and Friends Play House,Hong Kong Disneyland,40,Hong Kong,Asia,Disney
Meet Duffy at Duffy and Friends Play House,Hong Kong Disneyland,39,Hong Kong,Asia,Disney
Meet 'Olu Mel at Duffy and Friends Play House,Hong Kong Disneyland,36,Hong Kong,Asia,Disney
Frozen Ever After,Hong Kong Disneyland,35,Hong Kong,Asia,Disney
Meet ShellieMay at Duffy and Friends Play House,Hong Kong Disneyland,35,Hong Kong,Asia,Disney
Wandering Oaken's Sliding Sleighs,Hong Kong Disneyland,34,Hong Kong,Asia,Disney
Jumanji: The Adventure,Gardaland,39,Italy,Europe,Merlin
Kung Fu Panda Master,Gardaland,32,Italy,Europe,Merlin
Mammut,Gardaland,24,Italy,Europe,Merlin
Wolf Legend,Gardaland,22,Italy,Europe,Merlin
Colorado Boat,Gardaland,19,Italy,Europe,Merlin
Fuga de Atlantide,Gardaland,19,Italy,Europe,Merlin
Oblivion The Black Hole,Gardaland,19,Italy,Europe,Merlin
Raptor,Gardaland,18,Italy,Europe,Merlin
Blue Tornado,Gardaland,15,Italy,Europe,Merlin
Shaman,Gardaland,14,Italy,Europe,Merlin
Lego Factory Tour,Legoland Japan,16,Japan,Asia,Merlin
Coastguard HQ,Legoland Japan,14,Japan,Asia,Merlin
Dragon's Apprentice,Legoland Japan,11,Japan,Asia,Merlin
Merlin's Flying Machines,Legoland Japan,11,Japan,Asia,Merlin
Kai's Sky Masters,Legoland Japan,10,Japan,Asia,Merlin
Observation Tower,Legoland Japan,9,Japan,Asia,Merlin
Flying Ninjago,Legoland Japan,8,Japan,Asia,Merlin
Jr Driving School,Legoland Japan,8,Japan,Asia,Merlin
Rescue Academy,Legoland Japan,8,Japan,Asia,Merlin
SQUID Surfer,Legoland Japan,8,Japan,Asia,Merlin
Enchanted Tale of Beauty and the Beast,Tokyo Disneyland,69,Japan,Asia,Disney
Splash Mountain,Tokyo Disneyland,43,Japan,Asia,Disney
The Happy Ride with Baymax,Tokyo Disneyland,43,Japan,Asia,Disney
Space Mountain,Tokyo Disneyland,39,Japan,Asia,Disney
Pooh's Hunny Hunt,Tokyo Disneyland,33,Japan,Asia,Disney
Big Thunder Mountain,Tokyo Disneyland,32,Japan,Asia,Disney
Monsters Inc Ride and Go Seek,Tokyo Disneyland,32,Japan,Asia,Disney
Haunted Mansion,Tokyo Disneyland,25,Japan,Asia,Disney
Buzz Lightyear's Astro Blasters,Tokyo Disneyland,24,Japan,Asia,Disney
Dumbo the Flying Elephant,Tokyo Disneyland,23,Japan,Asia,Disney
Soaring: Fantastic Flight,Tokyo DisneySea,82,Japan,Asia,Disney
Toy Story Mania,Tokyo DisneySea,61,Japan,Asia,Disney
Journey to the Centre of the Earth,Tokyo DisneySea,51,Japan,Asia,Disney
Tower of Terror,Tokyo DisneySea,51,Japan,Asia,Disney
Anna and Elsa's Frozen Journey,Tokyo DisneySea,49,Japan,Asia,Disney
Indiana Jones Adventure,Tokyo DisneySea,42,Japan,Asia,Disney
Peter Pan's Neverland Adventure,Tokyo DisneySea,41,Japan,Asia,Disney
Raging Spirits,Tokyo DisneySea,35,Japan,Asia,Disney
Rapunzel's Lantern Festival,Tokyo DisneySea,32,Japan,Asia,Disney
Fairy Tinkerbell's Busy Buggies,Tokyo DisneySea,30,Japan,Asia,Disney
Donkey Kong's Crazy Minecraft,Universal Studios Japan,151,Japan,Asia,Universal
Mario Kart: Koopa's Challenge,Universal Studios Japan,99,Japan,Asia,Universal
Hollywood Dream (Backdrop),Universal Studios Japan,90,Japan,Asia,Universal
Flight of the Hippogriff,Universal Studios Japan,89,Japan,Asia,Universal
Harry Potter and the Forbidden Journey,Universal Studios Japan,70,Japan,Asia,Universal
Hollywood Dream,Universal Studios Japan,70,Japan,Asia,Universal
Flying Dinosaur,Universal Studios Japan,63,Japan,Asia,Universal
Yoshi's Adventure,Universal Studios Japan,63,Japan,Asia,Universal
Despicable Me Minion Mayhem,Universal Studios Japan,58,Japan,Asia,Universal
Detective Conan World,Universal Studios Japan,49,Japan,Asia,Universal
Crazanity,Six Flags Mexico,42,Mexico,North America,Six Flags
Medusa Steel Coaster,Six Flags Mexico,37,Mexico,North America,Six Flags
The Joker,Six Flags Mexico,36,Mexico,North America,Six Flags
Superman el Ultimo Escape,Six Flags Mexico,34,Mexico,North America,Six Flags
Boomerang,Six Flags Mexico,30,Mexico,North America,Six Flags
Batman The Ride,Six Flags Mexico,28,Mexico,North America,Six Flags
Triple Torre Kilahuea,Six Flags Mexico,28,Mexico,North America,Six Flags
Justice League Battle for Metropolis,Six Flags Mexico,22,Mexico,North America,Six Flags
Wonder Woman Coaster,Six Flags Mexico,22,Mexico,North America,Six Flags
The Dark Knight Coaster,Six Flags Mexico,21,Mexico,North America,Six Flags
RidderStrijd,Avonturenpark Hellendoorn,21,Netherlands,Europe,Looping Group
Rioolrat,Avonturenpark Hellendoorn,16,Netherlands,Europe,Looping Group
Sungai Kalimantan,Avonturenpark Hellendoorn,11,Netherlands,Europe,Looping Group
Wild Waterval,Avonturenpark Hellendoorn,9,Netherlands,Europe,Looping Group
Donderstenen,Avonturenpark Hellendoorn,7,Netherlands,Europe,Looping Group
Balagos,Avonturenpark Hellendoorn,6,Netherlands,Europe,Looping Group
Danse Macabre,Efteling,47,Netherlands,Europe,Other
De Vliegende Hollander,Efteling,29,Netherlands,Europe,Other
Joris en de Draak,Efteling,29,Netherlands,Europe,Other
Baron 1898,Efteling,27,Netherlands,Europe,Other
Symbolica,Efteling,26,Netherlands,Europe,Other
Stoomtrein Ruigrijk,Efteling,24,Netherlands,Europe,Other
Droomvlucht,Efteling,22,Netherlands,Europe,Other
Stoomtrein Marerijk,Efteling,22,Netherlands,Europe,Other
Python,Efteling,20,Netherlands,Europe,Other
Pirana,Efteling,18,Netherlands,Europe,Other
Maximus Blitz Bahn,Toverland,36,Netherlands,Europe,Other
Booster Bike,Toverland,18,Netherlands,Europe,Other
Expedition Zork,Toverland,18,Netherlands,Europe,Other
Pixarus,Toverland,17,Netherlands,Europe,Other
Tubingbaan,Toverland,15,Netherlands,Europe,Other
Djengu River,Toverland,14,Netherlands,Europe,Other
Troy,Toverland,12,Netherlands,Europe,Other
Dwervelwind,Toverland,11,Netherlands,Europe,Other
Kletterparcours,Toverland,11,Netherlands,Europe,Other
Fenix,Toverland,10,Netherlands,Europe,Other
Untamed,Walibi Holland,42,Netherlands,Europe,Compagnie des Alpes
Lost Gravity,Walibi Holland,35,Netherlands,Europe,Compagnie des Alpes
Goliath,Walibi Holland,29,Netherlands,Europe,Compagnie des Alpes
Speed of Sound,Walibi Holland,28,Netherlands,Europe,Compagnie des Alpes
Xpress Platform 13,Walibi Holland,28,Netherlands,Europe,Compagnie des Alpes
Condor,Walibi Holland,26,Netherlands,Europe,Compagnie des Alpes
Crazy River,Walibi Holland,21,Netherlands,Europe,Compagnie des Alpes
El Rio Grande,Walibi Holland,21,Netherlands,Europe,Compagnie des Alpes
Space Shot,Walibi Holland,21,Netherlands,Europe,Compagnie des Alpes
Eat My Dust,Walibi Holland,6,Netherlands,Europe,Compagnie des Alpes
Auto Zderzaki,Energylandia,67,Poland,Europe,Other
Viking Ride,Energylandia,34,Poland,Europe,Other
RMF Dragon,Energylandia,17,Poland,Europe,Other
Abyssus,Energylandia,16,Poland,Europe,Other
Formula,Energylandia,16,Poland,Europe,Other
Space Booster,Energylandia,16,Poland,Europe,Other
Speed,Energylandia,16,Poland,Europe,Other
Toffifee Kopalnia Zlota,Energylandia,16,Poland,Europe,Other
Hyperion,Energylandia,15,Poland,Europe,Other
Boomerang,Energylandia,14,Poland,Europe,Other
Quick Ride Tube,Caribbean Bay,21,South Korea,Asia,Samsung C&T
Pool Side Slide,Caribbean Bay,13,South Korea,Asia,Samsung C&T
Quick Ride Body,Caribbean Bay,11,South Korea,Asia,Samsung C&T
T Express,Everland,79,South Korea,Asia,Samsung C&T
Safari World,Everland,62,South Korea,Asia,Samsung C&T
Lost Valley,Everland,56,South Korea,Asia,Samsung C&T
Thunder Falls,Everland,48,South Korea,Asia,Samsung C&T
Amazon Express,Everland,32,South Korea,Asia,Samsung C&T
Panda World,Everland,31,South Korea,Asia,Samsung C&T
Space Tour,Everland,27,South Korea,Asia,Samsung C&T
Rolling X-Train,Everland,25,South Korea,Asia,Samsung C&T
Bumper Car,Everland,24,South Korea,Asia,Samsung C&T
Hurricane,Everland,23,South Korea,Asia,Samsung C&T
Coastguard Academy,Legoland Korea,15,South Korea,Asia,Merlin
The Dragon,Legoland Korea,11,South Korea,Asia,Merlin
Wave Racers,Legoland Korea,11,South Korea,Asia,Merlin
Lego City Airport,Legoland Korea,10,South Korea,Asia,Merlin
The Royal Joust,Legoland Korea,10,South Korea,Asia,Merlin
Driving School,Legoland Korea,9,South Korea,Asia,Merlin
Merlin's Flying Machines,Legoland Korea,9,South Korea,Asia,Merlin
Anchors Away,Legoland Korea,8,South Korea,Asia,Merlin
Fire Academy,Legoland Korea,8,South Korea,Asia,Merlin
Legoland Express,Legoland Korea,8,South Korea,Asia,Merlin
Flume Ride,Lotte World,83,South Korea,Asia,Other
Under Sea Kingdom,Lotte World,81,South Korea,Asia,Other
Atlantis,Lotte World,80,South Korea,Asia,Other
Lotty's Kidstoria,Lotte World,80,South Korea,Asia,Other
Pharaoh's Fury,Lotte World,77,South Korea,Asia,Other
The Comet Express,Lotte World,77,South Korea,Asia,Other
Balloon Ride,Lotte World,65,South Korea,Asia,Other
Fairytale Theatre,Lotte World,64,South Korea,Asia,Other
The Conquistador,Lotte World,63,South Korea,Asia,Other
Bumper Car,Lotte World,62,South Korea,Asia,Other
Ferrari Land Gallery,Ferrari Land,65,Spain,Europe,PortAventura World
Red Force,Ferrari Land,46,Spain,Europe,PortAventura World
Flying Dreams,Ferrari Land,41,Spain,Europe,PortAventura World
Maranello Great Race,Ferrari Land,37,Spain,Europe,PortAventura World
Thrill Towers,Ferrari Land,30,Spain,Europe,PortAventura World
Racing Legends,Ferrari Land,25,Spain,Europe,PortAventura World
Junior Championship,Ferrari Land,18,Spain,Europe,PortAventura World
Junior Red Force,Ferrari Land,11,Spain,Europe,PortAventura World
Kid's Tower,Ferrari Land,11,Spain,Europe,PortAventura World
Champions Race,Ferrari Land,10,Spain,Europe,PortAventura World
Vertigo,Parque de Atracciones de Madrid,38,Spain,Europe,Parques Reunidos
Abismo,Parque de Atracciones de Madrid,37,Spain,Europe,Parques Reunidos
Tarantula,Parque de Atracciones de Madrid,29,Spain,Europe,Parques Reunidos
TNT Tren de la Mina,Parque de Atracciones de Madrid,28,Spain,Europe,Parques Reunidos
Tornado,Parque de Atracciones de Madrid,21,Spain,Europe,Parques Reunidos
Lanzadera,Parque de Atracciones de Madrid,20,Spain,Europe,Parques Reunidos
Los Fiordos,Parque de Atracciones de Madrid,19,Spain,Europe,Parques Reunidos
Hero Spin,Parque de Atracciones de Madrid,18,Spain,Europe,Parques Reunidos
La Jungla,Parque de Atracciones de Madrid,18,Spain,Europe,Parques Reunidos
Star Flyer,Parque de Atracciones de Madrid,16,Spain,Europe,Parques Reunidos
Los Reyes Magos,Parque Warner Madrid,46,Spain,Europe,Parques Reunidos
La Aventura de Scooby-Doo,Parque Warner Madrid,31,Spain,Europe,Parques Reunidos
Rapidos ACME,Parque Warner Madrid,25,Spain,Europe,Parques Reunidos
Batman Gotham City Escape,Parque Warner Madrid,23,Spain,Europe,Parques Reunidos
Coaster Express,Parque Warner Madrid,21,Spain,Europe,Parques Reunidos
Rio Bravo,Parque Warner Madrid,20,Spain,Europe,Parques Reunidos
Superman La Atraccion de Acero,Parque Warner Madrid,20,Spain,Europe,Parques Reunidos
Correcaminos Bip Bip,Parque Warner Madrid,19,Spain,Europe,Parques Reunidos
Tom y Jerry,Parque Warner Madrid,16,Spain,Europe,Parques Reunidos
La Venganza del Enigma,Parque Warner Madrid,15,Spain,Europe,Parques Reunidos
Uncharted,PortAventura Park,63,Spain,Europe,PortAventura World
Furius Baco,PortAventura Park,51,Spain,Europe,PortAventura World
Shambhala,PortAventura Park,39,Spain,Europe,PortAventura World
Hurakan Condor,PortAventura Park,35,Spain,Europe,PortAventura World
Silver River Flume,PortAventura Park,34,Spain,Europe,PortAventura World
Stampida,PortAventura Park,34,Spain,Europe,PortAventura World
Dragon Khan,PortAventura Park,33,Spain,Europe,PortAventura World
Tutuki Splash,PortAventura Park,33,Spain,Europe,PortAventura World
Templo del Fuego,PortAventura Park,31,Spain,Europe,PortAventura World
Tomahawk,PortAventura Park,27,Spain,Europe,PortAventura World
Snake,Grona Lund,48,Sweden,Europe,Other
Twister,Grona Lund,21,Sweden,Europe,Other
Vilda Musen,Grona Lund,19,Sweden,Europe,Other
Eclipse,Grona Lund,18,Sweden,Europe,Other
Kvasten,Grona Lund,18,Sweden,Europe,Other
Nyckelpigan,Grona Lund,16,Sweden,Europe,Other
Bla Taget,Grona Lund,15,Sweden,Europe,Other
Insane,Grona Lund,15,Sweden,Europe,Other
Pop-Expressen,Grona Lund,15,Sweden,Europe,Other
Spindelpigan,Grona Lund,15,Sweden,Europe,Other
Helix,Liseberg,28,Sweden,Europe,Other
Spokhotellet Gasten,Liseberg,26,Sweden,Europe,Other
Valkyria,Liseberg,23,Sweden,Europe,Other
Tomtehuset,Liseberg,22,Sweden,Europe,Other
Loke,Liseberg,19,Sweden,Europe,Other
Balder,Liseberg,18,Sweden,Europe,Other
Mechanica,Liseberg,18,Sweden,Europe,Other
Flume Ride,Liseberg,17,Sweden,Europe,Other
AtmosFear,Liseberg,16,Sweden,Europe,Other
Farfars Bil,Liseberg,16,Sweden,Europe,Other
Monster,Adventureland,33,United States,North America,Parques Reunidos
The Underground,Adventureland,33,United States,North America,Parques Reunidos
Draken Falls,Adventureland,24,United States,North America,Parques Reunidos
Flying Viking,Adventureland,22,United States,North America,Parques Reunidos
Phoenix,Adventureland,19,United States,North America,Parques Reunidos
Space Shot,Adventureland,18,United States,North America,Parques Reunidos
Saw Mill Splash,Adventureland,16,United States,North America,Parques Reunidos
Outlaw,Adventureland,15,United States,North America,Parques Reunidos
Dragon Slayer,Adventureland,12,United States,North America,Parques Reunidos
Sidewinder,Adventureland,10,United States,North America,Parques Reunidos
Flight of Passage,Animal Kingdom,88,United States,North America,Disney
Na'vi River Journey,Animal Kingdom,50,United States,North America,Disney
Kilimanjaro Safaris,Animal Kingdom,39,United States,North America,Disney
Meet Favourite Disney Pals at Adventurers Outpost,Animal Kingdom,35,United States,North America,Disney
Kali River Rapids,Animal Kingdom,30,United States,North America,Disney
Expedition Everest,Animal Kingdom,27,United States,North America,Disney
Dinosaur,Animal Kingdom,22,United States,North America,Disney
Wildlife Express,Animal Kingdom,15,United States,North America,Disney
Gorilla Falls Exploration Trail,Animal Kingdom,12,United States,North America,Disney
It's Tough to be a Bug!,Animal Kingdom,10,United States,North America,Disney
Walhalla Wave,Aquatica Orlando,13,United States,North America,SeaWorld
KareKare Curl,Aquatica Orlando,12,United States,North America,SeaWorld
Riptide Race,Aquatica Orlando,12,United States,North America,SeaWorld
Ihu's Breakaway Falls,Aquatica Orlando,10,United States,North America,SeaWorld
Taumata Racer,Aquatica Orlando,10,United States,North America,SeaWorld
Stingray Falls,Aquatica San Antonio,21,United States,North America,SeaWorld
Taumata Racer,Aquatica San Antonio,9,United States,North America,SeaWorld
Cheetah Hunt,Busch Gardens Tampa,37,United States,North America,SeaWorld
Iron Gwazi,Busch Gardens Tampa,32,United States,North America,SeaWorld
Cobra's Curse,Busch Gardens Tampa,31,United States,North America,SeaWorld
Serengeti Express (Congo),Busch Gardens Tampa,29,United States,North America,SeaWorld
Serengeti Express (Nairobi),Busch Gardens Tampa,29,United States,North America,SeaWorld
Serengeti Express (Stanleyville),Busch Gardens Tampa,29,United States,North America,SeaWorld
Congo River Rapids,Busch Gardens Tampa,22,United States,North America,SeaWorld
Stanley Falls Flume,Busch Gardens Tampa,17,United States,North America,SeaWorld
Tigris,Busch Gardens Tampa,17,United States,North America,SeaWorld
SheiKra,Busch Gardens Tampa,16,United States,North America,SeaWorld
DarKoaster,Busch Gardens Williamsburg,41,United States,North America,SeaWorld
Le Scoot,Busch Gardens Williamsburg,28,United States,North America,SeaWorld
Battle for Eire,Busch Gardens Williamsburg,25,United States,North America,SeaWorld
Roman Rapids,Busch Gardens Williamsburg,21,United States,North America,SeaWorld
Verbolten,Busch Gardens Williamsburg,20,United States,North America,SeaWorld
Griffon,Busch Gardens Williamsburg,15,United States,North America,SeaWorld
InvadR,Busch Gardens Williamsburg,15,United States,North America,SeaWorld
Escape from Pompeii,Busch Gardens Williamsburg,14,United States,North America,SeaWorld
Loch Ness Monster,Busch Gardens Williamsburg,13,United States,North America,SeaWorld
Tempesto,Busch Gardens Williamsburg,13,United States,North America,SeaWorld
RailBlazer,California's Great America,44,United States,North America,Six Flags
Rip Roaring Rapids,California's Great America,44,United States,North America,Six Flags
Tiki Twirl,California's Great America,36,United States,North America,Six Flags
Psycho Mouse,California's Great America,34,United States,North America,Six Flags
Gold Striker,California's Great America,32,United States,North America,Six Flags
Grizzly,California's Great America,32,United States,North America,Six Flags
Flight Deck,California's Great America,24,United States,North America,Six Flags
Barney Oldfield's Redwood Rally,California's Great America,22,United States,North America,Six Flags
Delirium,California's Great America,21,United States,North America,Six Flags
Demon,California's Great America,21,United States,North America,Six Flags
Copperhead Strike,Carowinds,24,United States,North America,Six Flags
Fury 325,Carowinds,21,United States,North America,Six Flags
Ricochet,Carowinds,20,United States,North America,Six Flags
Carolina Goldrusher,Carowinds,17,United States,North America,Six Flags
Afterburn,Carowinds,16,United States,North America,Six Flags
Kiddy Hawk,Carowinds,16,United States,North America,Six Flags
Boo Blasters on Boo Hill,Carowinds,15,United States,North America,Six Flags
Flying Cobras,Carowinds,15,United States,North America,Six Flags
Thunder Striker,Carowinds,15,United States,North America,Six Flags
Gear Spin,Carowinds,14,United States,North America,Six Flags
Steel Vengeance,Cedar Point,74,United States,North America,Six Flags
Maverick,Cedar Point,57,United States,North America,Six Flags
Valravn,Cedar Point,53,United States,North America,Six Flags
Millennium Force,Cedar Point,43,United States,North America,Six Flags
Top Thrill 2,Cedar Point,43,United States,North America,Six Flags
Raptor,Cedar Point,37,United States,North America,Six Flags
Wild Mouse,Cedar Point,32,United States,North America,Six Flags
GateKeeper,Cedar Point,25,United States,North America,Six Flags
Iron Dragon,Cedar Point,22,United States,North America,Six Flags
Rougarou,Cedar Point,18,United States,North America,Six Flags
Radiator Springs Racers,Disney California Adventure,75,United States,North America,Disney
Toy Story Midway Mania,Disney California Adventure,45,United States,North America,Disney
Guardians of the Galaxy: Mission Breakout,Disney California Adventure,44,United States,North America,Disney
Soarin' Around the World,Disney California Adventure,38,United States,North America,Disney
Web Slingers,Disney California Adventure,35,United States,North America,Disney
Goofy's Sky School,Disney California Adventure,28,United States,North America,Disney
Incredicoaster,Disney California Adventure,27,United States,North America,Disney
Pixar Pal-A-Round,Disney California Adventure,26,United States,North America,Disney
Grizzly River Run,Disney California Adventure,24,United States,North America,Disney
Luigi's Rollickin' Roadsters,Disney California Adventure,24,United States,North America,Disney
Star Wars: Rise of the Resistance,Disney Hollywood Studios,78,United States,North America,Disney
Slinky Dog Dash,Disney Hollywood Studios,73,United States,North America,Disney
Rock'n'Rollercoaster,Disney Hollywood Studios,53,United States,North America,Disney
Tower of Terror,Disney Hollywood Studios,50,United States,North America,Disney
Toy Story Midway Mania,Disney Hollywood Studios,46,United States,North America,Disney
Mickey and Minnie's Runaway Railway,Disney Hollywood Studios,45,United States,North America,Disney
Millennium Falcon: Smuggler's Run,Disney Hollywood Studios,44,United States,North America,Disney
Meet Disney Stars at Red Carpet Dreams,Disney Hollywood Studios,38,United States,North America,Disney
Alien Swirling Saucers,Disney Hollywood Studios,25,United States,North America,Disney
Star Wars Launch Bay: Meet Chewbacca,Disney Hollywood Studios,22,United States,North America,Disney
Seven Dwarfs Mine Train,Disney Magic Kingdom,72,United States,North America,Disney
Tron Lightcycle Run,Disney Magic Kingdom,60,United States,North America,Disney
Peter Pan's Flight,Disney Magic Kingdom,54,United States,North America,Disney
Jungle Cruise,Disney Magic Kingdom,46,United States,North America,Disney
Space Mountain,Disney Magic Kingdom,46,United States,North America,Disney
Big Thunder Mountain Railroad,Disney Magic Kingdom,36,United States,North America,Disney
Haunted Mansion,Disney Magic Kingdom,35,United States,North America,Disney
Meet Cinderella and a Visiting Princess,Disney Magic Kingdom,35,United States,North America,Disney
Meet Princess Tiana and a Visiting Princess,Disney Magic Kingdom,34,United States,North America,Disney
Meet Ariel at her Grotto,Disney Magic Kingdom,33,United States,North America,Disney
Star Wars: Rise of the Resistance,Disneyland,67,United States,North America,Disney
Haunted Mansion,Disneyland,50,United States,North America,Disney
Space Mountain,Disneyland,47,United States,North America,Disney
Indiana Jones Adventure,Disneyland,43,United States,North America,Disney
Matterhorn Bobsleds,Disneyland,41,United States,North America,Disney
Tiana's Bayou Adventure,Disneyland,41,United States,North America,Disney
Mickey and Minnie's Runaway Railway,Disneyland,36,United States,North America,Disney
Millennium Falcon: Smuggler's Run,Disneyland,36,United States,North America,Disney
Peter Pan's Flight,Disneyland,34,United States,North America,Disney
Roger Rabbit's Car Toon Spin,Disneyland,33,United States,North America,Disney
RiverRush,Dollywood,38,United States,North America,Herschend
Dollywood Express,Dollywood,36,United States,North America,Herschend
Lightning Rod,Dollywood,33,United States,North America,Herschend
Raging River Rapids,Dollywood,30,United States,North America,Herschend
FireChaser Express,Dollywood,29,United States,North America,Herschend
Big Bear Plunge,Dollywood,28,United States,North America,Herschend
Big Bear Mountain,Dollywood,26,United States,North America,Herschend
SwiftWater Run,Dollywood,26,United States,North America,Herschend
Dragonflier,Dollywood,24,United States,North America,Herschend
Smoky Mountain River Rampage,Dollywood,22,United States,North America,Herschend
Wild Mouse,Dorney Park,32,United States,North America,Six Flags
Thunder Canyon,Dorney Park,27,United States,North America,Six Flags
Thunder Creek Mountain,Dorney Park,19,United States,North America,Six Flags
Talon,Dorney Park,18,United States,North America,Six Flags
White Water Landing,Dorney Park,18,United States,North America,Six Flags
Hydra,Dorney Park,16,United States,North America,Six Flags
Iron Menace,Dorney Park,15,United States,North America,Six Flags
Steel Force,Dorney Park,13,United States,North America,Six Flags
ThunderHawk,Dorney Park,12,United States,North America,Six Flags
Possessed,Dorney Park,11,United States,North America,Six Flags
Remy's Ratatouille Adventure,Epcot,61,United States,North America,Disney
Frozen Ever After,Epcot,55,United States,North America,Disney
Soarin' Around the World,Epcot,34,United States,North America,Disney
Meet Anna and Elsa,Epcot,33,United States,North America,Disney
Guardians of the Galaxy: Cosmic Rewind,Epcot,31,United States,North America,Disney
Meet Beloved Disney Pals,Epcot,28,United States,North America,Disney
Mission SPACE,Epcot,20,United States,North America,Disney
Spaceship Earth,Epcot,15,United States,North America,Disney
Turtle Talk with Crush,Epcot,14,United States,North America,Disney
Canada Far and Wide,Epcot,13,United States,North America,Disney
Renegade Rapids,Frontier City,19,United States,North America,Six Flags
Grand Centennial Ferris Wheel,Frontier City,17,United States,North America,Six Flags
Silver Bullet,Frontier City,17,United States,North America,Six Flags
Gunslinger,Frontier City,14,United States,North America,Six Flags
Steel Lasso,Frontier City,14,United States,North America,Six Flags
Mystery River Log Flume,Frontier City,13,United States,North America,Six Flags
Brain Drain,Frontier City,11,United States,North America,Six Flags
Diamondback,Frontier City,11,United States,North America,Six Flags
Wildcat,Frontier City,11,United States,North America,Six Flags
Quick Draw,Frontier City,9,United States,North America,Six Flags
Reese's Cupfusion,Hersheypark,59,United States,North America,Other
Breaker's Edge,Hersheypark,54,United States,North America,Other
Candymonium,Hersheypark,45,United States,North America,Other
Laff Trakk,Hersheypark,41,United States,North America,Other
Fahrenheit,Hersheypark,40,United States,North America,Other
Comet,Hersheypark,34,United States,North America,Other
Great Bear,Hersheypark,33,United States,North America,Other
Storm Runner,Hersheypark,30,United States,North America,Other
Sooperdooperlooper,Hersheypark,27,United States,North America,Other
Jolly Rancher Remix,Hersheypark,26,United States,North America,Other
Hagrid's Magical Creatures Motorbike Adventure,Islands of Adventure,90,United States,North America,Universal
Jurassic World VelociCoaster,Islands of Adventure,57,United States,North America,Universal
Skull Island Reign of Kong,Islands of Adventure,38,United States,North America,Universal
Harry Potter and the Forbidden Journey,Islands of Adventure,34,United States,North America,Universal
Incredible Hulk,Islands of Adventure,34,United States,North America,Universal
Flight of the Hippogriff,Islands of Adventure,33,United States,North America,Universal
Pteranodon Flyers,Islands of Adventure,32,United States,North America,Universal
The Amazing Adventures of Spider-Man,Islands of Adventure,30,United States,North America,Universal
Dudley Do-Right's Ripsaw Falls,Islands of Adventure,27,United States,North America,Universal
Jurassic Park River Adventure,Islands of Adventure,23,United States,North America,Universal
Exterminator,Kennywood,41,United States,North America,Parques Reunidos
Raging Rapids,Kennywood,41,United States,North America,Parques Reunidos
Steel Curtain,Kennywood,33,United States,North America,Parques Reunidos
Black Widow,Kennywood,28,United States,North America,Parques Reunidos
Phantom's Revenge,Kennywood,23,United States,North America,Parques Reunidos
Jack Rabbit,Kennywood,20,United States,North America,Parques Reunidos
Old Mill,Kennywood,18,United States,North America,Parques Reunidos
Racer,Kennywood,18,United States,North America,Parques Reunidos
Sky Rocket,Kennywood,17,United States,North America,Parques Reunidos
Ghostwood Estate,Kennywood,15,United States,North America,Parques Reunidos
Apple Zapple,Kings Dominion,33,United States,North America,Six Flags
Flight of Fear,Kings Dominion,28,United States,North America,Six Flags
Twisted Timbers,Kings Dominion,23,United States,North America,Six Flags
Dominator,Kings Dominion,19,United States,North America,Six Flags
Tumbili,Kings Dominion,19,United States,North America,Six Flags
Reptilian,Kings Dominion,17,United States,North America,Six Flags
Backlot Stunt Coaster,Kings Dominion,15,United States,North America,Six Flags
Delirium,Kings Dominion,15,United States,North America,Six Flags
Shenandoah Lumber Co,Kings Dominion,13,United States,North America,Six Flags
White Water Canyon,Kings Dominion,13,United States,North America,Six Flags
Flight of Fear,Kings Island,47,United States,North America,Six Flags
Mystic Timbers,Kings Island,33,United States,North America,Six Flags
Orion,Kings Island,32,United States,North America,Six Flags
Beast,Kings Island,31,United States,North America,Six Flags
Diamondback,Kings Island,30,United States,North America,Six Flags
Woodstock's Whirlybirds,Kings Island,28,United States,North America,Six Flags
Charlie Brown's Rushing River Log Ride,Kings Island,27,United States,North America,Six Flags
Backlot Stunt Coaster,Kings Island,25,United States,North America,Six Flags
Banshee,Kings Island,23,United States,North America,Six Flags
Invertigo,Kings Island,22,United States,North America,Six Flags
Flying Turns,Knoebels,27,United States,North America,Other
Motor Boats,Knoebels,18,United States,North America,Other
Impulse,Knoebels,16,United States,North America,Other
Phoenix,Knoebels,13,United States,North America,Other
Bumper Cars,Knoebels,12,United States,North America,Other
Kozmo's Kurves,Knoebels,12,United States,North America,Other
Pioneer Train,Knoebels,12,United States,North America,Other
Twister,Knoebels,12,United States,North America,Other
Antique Cars,Knoebels,10,United States,North America,Other
Galleon,Knoebels,10,United States,North America,Other
GhostRider,Knott's Berry Farm,75,United States,North America,Six Flags
Xcelerator,Knott's Berry Farm,41,United States,North America,Six Flags
Timber Mountain Log Ride,Knott's Berry Farm,36,United States,North America,Six Flags
HangTime,Knott's Berry Farm,35,United States,North America,Six Flags
Sierra Sidewinder,Knott's Berry Farm,35,United States,North America,Six Flags
Jaguar,Knott's Berry Farm,31,United States,North America,Six Flags
Pony Express,Knott's Berry Farm,31,United States,North America,Six Flags
Knott's Bear-y Tales: Return to the Fair,Knott's Berry Farm,29,United States,North America,Six Flags
Calico River Rapids,Knott's Berry Farm,27,United States,North America,Six Flags
Coast Rider,Knott's Berry Farm,27,United States,North America,Six Flags
Wildcat,Lake Compounce,29,United States,North America,Parques Reunidos
Boulder Dash,Lake Compounce,25,United States,North America,Parques Reunidos
North Pole Express,Lake Compounce,25,United States,North America,Parques Reunidos
Venus Vortex,Lake Compounce,25,United States,North America,Parques Reunidos
Boocifer's Haunted Holiday at Ghost Hunt,Lake Compounce,24,United States,North America,Parques Reunidos
Sawmill Plunge,Lake Compounce,20,United States,North America,Parques Reunidos
Thunder Rapids,Lake Compounce,19,United States,North America,Parques Reunidos
Rev-O-Lution,Lake Compounce,15,United States,North America,Parques Reunidos
Riptide Racer,Lake Compounce,15,United States,North America,Parques Reunidos
Phobia Phear Coaster,Lake Compounce,12,United States,North America,Parques Reunidos
Coastersaurus,Legoland California,35,United States,North America,Merlin
Duplo Little Dino Trail,Legoland California,35,United States,North America,Merlin
Emmet's Flying Adventure Ride,Legoland California,30,United States,North America,Merlin
Lego Ninjago The Ride,Legoland California,26,United States,North America,Merlin
Unikitty's Disco Drop,Legoland California,24,United States,North America,Merlin
Lego Technic Coaster,Legoland California,23,United States,North America,Merlin
Dragon Coaster,Legoland California,18,United States,North America,Merlin
Skipper School,Legoland California,18,United States,North America,Merlin
Coast Cruise,Legoland California,17,United States,North America,Merlin
Lost Kingdom Adventure,Legoland California,17,United States,North America,Merlin
Pirate River Quest,Legoland Florida,37,United States,North America,Merlin
Coast Guard Academy,Legoland Florida,18,United States,North America,Merlin
The Lego Movie: Masters of Flight,Legoland Florida,15,United States,North America,Merlin
Aquazone Wave Racers,Legoland Florida,14,United States,North America,Merlin
Coastersaurus,Legoland Florida,14,United States,North America,Merlin
The Great Lego Race,Legoland Florida,14,United States,North America,Merlin
Safari Trek,Legoland Florida,13,United States,North America,Merlin
Driving School,Legoland Florida,11,United States,North America,Merlin
Lego Ninjago The Ride,Legoland Florida,11,United States,North America,Merlin
The Dragon,Legoland Florida,11,United States,North America,Merlin
Coast Guard Academy,Legoland New York,42,United States,North America,Merlin
The Dragon's Apprentice,Legoland New York,23,United States,North America,Merlin
Fire Academy,Legoland New York,20,United States,North America,Merlin
Anchors Away,Legoland New York,19,United States,North America,Merlin
Merlin's Flying Machines,Legoland New York,18,United States,North America,Merlin
Rogue Riders,Legoland New York,18,United States,North America,Merlin
Minifigure Skyflyer (Brick Street),Legoland New York,17,United States,North America,Merlin
Lego Ninjago The Ride,Legoland New York,15,United States,North America,Merlin
Tower Climb Tournament,Legoland New York,15,United States,North America,Merlin
Junior Driving School,Legoland New York,14,United States,North America,Merlin
Mad Mouse,Michigan's Adventure,39,United States,North America,Six Flags
Shivering Timbers,Michigan's Adventure,26,United States,North America,Six Flags
Wolverine Wildcat,Michigan's Adventure,26,United States,North America,Six Flags
Logger's Run,Michigan's Adventure,25,United States,North America,Six Flags
Grand Rapids,Michigan's Adventure,24,United States,North America,Six Flags
Thunderhawk,Michigan's Adventure,22,United States,North America,Six Flags
Daddy Pig's Roller Coaster,Peppa Pig Theme Park Florida,9,United States,North America,Merlin
Grampy Rabbit's Dinosaur Adventure,Peppa Pig Theme Park Florida,7,United States,North America,Merlin
Mr Bull's High Striker,Peppa Pig Theme Park Florida,7,United States,North America,Merlin
Grandad Dog's Pirate Boat Ride,Peppa Pig Theme Park Florida,6,United States,North America,Merlin
Peppa Pig's Balloon Ride,Peppa Pig Theme Park Florida,6,United States,North America,Merlin
Infinity Falls,SeaWorld Orlando,30,United States,North America,SeaWorld
Pipeline The Surf Coaster,SeaWorld Orlando,26,United States,North America,SeaWorld
Ice Breaker,SeaWorld Orlando,21,United States,North America,SeaWorld
Journey to Atlantis,SeaWorld Orlando,21,United States,North America,SeaWorld
Manta,SeaWorld Orlando,19,United States,North America,SeaWorld
Sky Tower,SeaWorld Orlando,14,United States,North America,SeaWorld
Mako,SeaWorld Orlando,14,United States,North America,SeaWorld
Sunny Day Carousel,SeaWorld Orlando,13,United States,North America,SeaWorld
Elmo's Choo Choo Train,SeaWorld Orlando,10,United States,North America,SeaWorld
Super Grover's Box Car Derby,SeaWorld Orlando,10,United States,North America,SeaWorld
Rio Loco,SeaWorld San Antonio,25,United States,North America,SeaWorld
Wave Breaker,SeaWorld San Antonio,17,United States,North America,SeaWorld
Spinning Reef,SeaWorld San Antonio,16,United States,North America,SeaWorld
Catapult Falls,SeaWorld San Antonio,15,United States,North America,SeaWorld
Journey to Atlantis,SeaWorld San Antonio,15,United States,North America,SeaWorld
Dolphin Dive,SeaWorld San Antonio,13,United States,North America,SeaWorld
Texas Stingray,SeaWorld San Antonio,13,United States,North America,SeaWorld
Tidal Surge,SeaWorld San Antonio,10,United States,North America,SeaWorld
Great White,SeaWorld San Antonio,9,United States,North America,SeaWorld
Steel Eel,SeaWorld San Antonio,8,United States,North America,SeaWorld
Shipwreck Rapids,SeaWorld San Diego,25,United States,North America,SeaWorld
Arctic Rescue,SeaWorld San Diego,23,United States,North America,SeaWorld
Journey to Atlantis,SeaWorld San Diego,23,United States,North America,SeaWorld
Manta,SeaWorld San Diego,20,United States,North America,SeaWorld
Electric Eel,SeaWorld San Diego,17,United States,North America,SeaWorld
Tentacle Twirl,SeaWorld San Diego,13,United States,North America,SeaWorld
Riptide Rescue,SeaWorld San Diego,12,United States,North America,SeaWorld
Emperor,SeaWorld San Diego,11,United States,North America,SeaWorld
Sky Tower,SeaWorld San Diego,11,United States,North America,SeaWorld
Octarock,SeaWorld San Diego,8,United States,North America,SeaWorld
Rosita's Seaside Slides,Sesame Place,16,United States,North America,SeaWorld
Elmo's Surf'n'Slide,Sesame Place,8,United States,North America,SeaWorld
Big Bird's Rambling River,Sesame Place,7,United States,North America,SeaWorld
Captain Cookie's High C's Adventure,Sesame Place,7,United States,North America,SeaWorld
Elmo's Cloud Chaser,Sesame Place,7,United States,North America,SeaWorld
Flyin' Fish,Sesame Place,6,United States,North America,SeaWorld
Monster Mix-Up,Sesame Place,6,United States,North America,SeaWorld
Oscar's Rotten Rusty Rockets,Sesame Place,6,United States,North America,SeaWorld
Sunny Day Carousel,Sesame Place,6,United States,North America,SeaWorld
123 Playground,Sesame Place,5,United States,North America,SeaWorld
Mystic River Falls,Silver Dollar City,53,United States,North America,Herschend
Fire in the Hole,Silver Dollar City,49,United States,North America,Herschend
Cave,Silver Dollar City,37,United States,North America,Herschend
Cable Train,Silver Dollar City,30,United States,North America,Herschend
Powder Keg,Silver Dollar City,30,United States,North America,Herschend
Steam Train,Silver Dollar City,30,United States,North America,Herschend
Frisco Silver Dollar Line,Silver Dollar City,29,United States,North America,Herschend
Hugo & Mary's Carousel,Silver Dollar City,29,United States,North America,Herschend
Time Traveler,Silver Dollar City,28,United States,North America,Herschend
Lost River of the Ozarks,Silver Dollar City,27,United States,North America,Herschend
Harley Quinn Spinsanity,Six Flags America,17,United States,North America,Six Flags
Ragin Cajun,Six Flags America,15,United States,North America,Six Flags
Batwing,Six Flags America,14,United States,North America,Six Flags
Firebird,Six Flags America,13,United States,North America,Six Flags
Penguin's Blizzard River,Six Flags America,13,United States,North America,Six Flags
Great Chase,Six Flags America,12,United States,North America,Six Flags
Joker's Jinx,Six Flags America,12,United States,North America,Six Flags
Renegade Rapids,Six Flags America,11,United States,North America,Six Flags
Superman Ride of Steel,Six Flags America,11,United States,North America,Six Flags
Wild One,Six Flags America,11,United States,North America,Six Flags
Brain Drain,Six Flags Darien Lake,45,United States,North America,Six Flags
Tornado,Six Flags Darien Lake,43,United States,North America,Six Flags
Wahoo Wave,Six Flags Darien Lake,43,United States,North America,Six Flags
Swirl City,Six Flags Darien Lake,41,United States,North America,Six Flags
Ride of Steel,Six Flags Darien Lake,24,United States,North America,Six Flags
RipCurl Racer,Six Flags Darien Lake,24,United States,North America,Six Flags
Viper,Six Flags Darien Lake,23,United States,North America,Six Flags
Predator,Six Flags Darien Lake,20,United States,North America,Six Flags
SkyScreamer,Six Flags Darien Lake,20,United States,North America,Six Flags
Blast Off,Six Flags Darien Lake,19,United States,North America,Six Flags
Joker,Six Flags Discovery Kingdom,38,United States,North America,Six Flags
Sidewinder Safari,Six Flags Discovery Kingdom,35,United States,North America,Six Flags
Superman Ultimate Flight,Six Flags Discovery Kingdom,28,United States,North America,Six Flags
Wonder Woman Lasso of Truth,Six Flags Discovery Kingdom,26,United States,North America,Six Flags
Batman The Ride,Six Flags Discovery Kingdom,23,United States,North America,Six Flags
White Water Safari,Six Flags Discovery Kingdom,21,United States,North America,Six Flags
Medusa,Six Flags Discovery Kingdom,20,United States,North America,Six Flags
Kong,Six Flags Discovery Kingdom,17,United States,North America,Six Flags
Boomerang Coast-to-Coaster,Six Flags Discovery Kingdom,14,United States,North America,Six Flags
Monsoon Falls,Six Flags Discovery Kingdom,14,United States,North America,Six Flags
Iron Rattler,Six Flags Fiesta Texas,36,United States,North America,Six Flags
The Joker Carnival of Chaos,Six Flags Fiesta Texas,36,United States,North America,Six Flags
Wonder Woman Golden Lasso Coaster,Six Flags Fiesta Texas,36,United States,North America,Six Flags
Gully Washer,Six Flags Fiesta Texas,35,United States,North America,Six Flags
Boomerang,Six Flags Fiesta Texas,25,United States,North America,Six Flags
Bugs' White Water Rapids,Six Flags Fiesta Texas,23,United States,North America,Six Flags
Road Runner Express,Six Flags Fiesta Texas,23,United States,North America,Six Flags
Dare Devil Dive Flying Machines,Six Flags Fiesta Texas,22,United States,North America,Six Flags
Superman Krypton Coaster,Six Flags Fiesta Texas,22,United States,North America,Six Flags
Poltergeist,Six Flags Fiesta Texas,21,United States,North America,Six Flags
Wonder Woman Lasso of Truth,Six Flags Great Adventure,34,United States,North America,Six Flags
Superman Ultimate Flight,Six Flags Great Adventure,30,United States,North America,Six Flags
Nitro,Six Flags Great Adventure,24,United States,North America,Six Flags
Joker,Six Flags Great Adventure,23,United States,North America,Six Flags
El Toro,Six Flags Great Adventure,22,United States,North America,Six Flags
Jersey Devil Coaster,Six Flags Great Adventure,22,United States,North America,Six Flags
Saw Mill Log Flume,Six Flags Great Adventure,21,United States,North America,Six Flags
Justice League Battle for Metropolis,Six Flags Great Adventure,20,United States,North America,Six Flags
SkyScreamer,Six Flags Great Adventure,18,United States,North America,Six Flags
Batman The Ride,Six Flags Great Adventure,17,United States,North America,Six Flags
Sky Striker,Six Flags Great America,52,United States,North America,Six Flags
Maxx Force,Six Flags Great America,51,United States,North America,Six Flags
Superman Ultimate Flight,Six Flags Great America,47,United States,North America,Six Flags
Goliath,Six Flags Great America,43,United States,North America,Six Flags
Roaring Rapids,Six Flags Great America,39,United States,North America,Six Flags
Yankee Clipper,Six Flags Great America,39,United States,North America,Six Flags
Logger's Run,Six Flags Great America,38,United States,North America,Six Flags
Raging Bull,Six Flags Great America,35,United States,North America,Six Flags
The Dark Knight Coaster,Six Flags Great America,35,United States,North America,Six Flags
Joker,Six Flags Great America,34,United States,North America,Six Flags
Swan Boats,Six Flags Great Escape,33,United States,North America,Six Flags
Adirondack Outlaw,Six Flags Great Escape,25,United States,North America,Six Flags
Bobcat,Six Flags Great Escape,25,United States,North America,Six Flags
Desperado Plunge,Six Flags Great Escape,20,United States,North America,Six Flags
Raging River,Six Flags Great Escape,20,United States,North America,Six Flags
Thunder Alley,Six Flags Great Escape,19,United States,North America,Six Flags
Blizzard,Six Flags Great Escape,18,United States,North America,Six Flags
Storytown Train,Six Flags Great Escape,17,United States,North America,Six Flags
Canyon Blaster,Six Flags Great Escape,14,United States,North America,Six Flags
Screamin' Eagles,Six Flags Great Escape,13,United States,North America,Six Flags
Big Bambu and Reef Runner,Six Flags Hurricane Harbour NJ,32,United States,North America,Six Flags
Tornado,Six Flags Hurricane Harbour NJ,29,United States,North America,Six Flags
Taak It Eez Ee Creek,Six Flags Hurricane Harbour NJ,25,United States,North America,Six Flags
Hurricane Mountain,Six Flags Hurricane Harbour NJ,22,United States,North America,Six Flags
"Bada Bing, Bada Bang, Bada Boom!",Six Flags Hurricane Harbour NJ,18,United States,North America,Six Flags
"Boreas, Eurus, Zephyrus and Nortus",Six Flags Hurricane Harbour NJ,18,United States,North America,Six Flags
Big Wave Racer,Six Flags Hurricane Harbour NJ,16,United States,North America,Six Flags
"Cannonball, Wahini and Jurahnimo Falls",Six Flags Hurricane Harbour NJ,12,United States,North America,Six Flags
Typhoon Slide Complex,Six Flags Hurricane Harbour Concord,58,United States,North America,Six Flags
Honolulu Halfpipe,Six Flags Hurricane Harbour Concord,30,United States,North America,Six Flags
West Coast Racers,Six Flags Magic Mountain,44,United States,North America,Six Flags
X2,Six Flags Magic Mountain,42,United States,North America,Six Flags
Roaring Rapids,Six Flags Magic Mountain,39,United States,North America,Six Flags
Tatsu,Six Flags Magic Mountain,39,United States,North America,Six Flags
Full Throttle,Six Flags Magic Mountain,37,United States,North America,Six Flags
Twisted Colossus,Six Flags Magic Mountain,37,United States,North America,Six Flags
Wonder Woman Flight of Courage,Six Flags Magic Mountain,34,United States,North America,Six Flags
CraZanity,Six Flags Magic Mountain,32,United States,North America,Six Flags
Goliath,Six Flags Magic Mountain,32,United States,North America,Six Flags
Apocalypse,Six Flags Magic Mountain,29,United States,North America,Six Flags
Pandemonium,Six Flags New England,30,United States,North America,Six Flags
Harley Quinn Spinsanity,Six Flags New England,27,United States,North America,Six Flags
Blizzard River,Six Flags New England,25,United States,North America,Six Flags
Thunderbolt,Six Flags New England,25,United States,North America,Six Flags
Riddler Revenge,Six Flags New England,23,United States,North America,Six Flags
Superman the Ride,Six Flags New England,22,United States,North America,Six Flags
Batman the Dark Knight,Six Flags New England,20,United States,North America,Six Flags
SkyScreamer,Six Flags New England,19,United States,North America,Six Flags
Wicked Cyclone,Six Flags New England,19,United States,North America,Six Flags
Gotham City Gauntlet,Six Flags New England,17,United States,North America,Six Flags
Dare Devil Dive,Six Flags Over Georgia,39,United States,North America,Six Flags
Twisted Cyclone,Six Flags Over Georgia,31,United States,North America,Six Flags
Superman Ultimate Flight,Six Flags Over Georgia,28,United States,North America,Six Flags
Goliath,Six Flags Over Georgia,27,United States,North America,Six Flags
Justice League Battle for Metropolis,Six Flags Over Georgia,25,United States,North America,Six Flags
Thunder River,Six Flags Over Georgia,23,United States,North America,Six Flags
Batman The Ride,Six Flags Over Georgia,22,United States,North America,Six Flags
Catwoman Whip,Six Flags Over Georgia,20,United States,North America,Six Flags
Georgia Scorcher,Six Flags Over Georgia,19,United States,North America,Six Flags
Monster Mansion,Six Flags Over Georgia,19,United States,North America,Six Flags
New Texas Giant,Six Flags Over Texas,31,United States,North America,Six Flags
Art of Torture,Six Flags Over Texas,30,United States,North America,Six Flags
The Riddler Revenge,Six Flags Over Texas,30,United States,North America,Six Flags
Curse of Ra,Six Flags Over Texas,27,United States,North America,Six Flags
Dino Off Road Adventure,Six Flags Over Texas,27,United States,North America,Six Flags
Justice League Battle for Metropolis,Six Flags Over Texas,26,United States,North America,Six Flags
Pandemonium,Six Flags Over Texas,26,United States,North America,Six Flags
Mr Freeze Reverse Blast,Six Flags Over Texas,25,United States,North America,Six Flags
Piggy's Blood Shed,Six Flags Over Texas,24,United States,North America,Six Flags
Aquaman Power Wave,Six Flags Over Texas,22,United States,North America,Six Flags
Catwoman Whip,Six Flags St Louis,61,United States,North America,Six Flags
The Joker Carnival of Chaos,Six Flags St Louis,56,United States,North America,Six Flags
Justice League Battle for Metropolis,Six Flags St Louis,38,United States,North America,Six Flags
Thunder River,Six Flags St Louis,29,United States,North America,Six Flags
Tommy G Robertson Railroad,Six Flags St Louis,28,United States,North America,Six Flags
Typhoon Twister,Six Flags St Louis,27,United States,North America,Six Flags
Batman The Ride,Six Flags St Louis,21,United States,North America,Six Flags
Mr Freeze Reverse Blast,Six Flags St Louis,20,United States,North America,Six Flags
Pandemonium,Six Flags St Louis,19,United States,North America,Six Flags
The Boss,Six Flags St Louis,18,United States,North America,Six Flags
Run-A-Way River,Six Flags White Water Atlanta,34,United States,North America,Six Flags
Tornado,Six Flags White Water Atlanta,30,United States,North America,Six Flags
Dive Bomber,Six Flags White Water Atlanta,25,United States,North America,Six Flags
Python Plunge,Six Flags White Water Atlanta,23,United States,North America,Six Flags
Bahama Bob Slide,Six Flags White Water Atlanta,22,United States,North America,Six Flags
Dragon's Tail,Six Flags White Water Atlanta,19,United States,North America,Six Flags
Gulf Coast Screamer,Six Flags White Water Atlanta,19,United States,North America,Six Flags
Tidal Wave,Six Flags White Water Atlanta,19,United States,North America,Six Flags
Typhoon Twister,Six Flags White Water Atlanta,19,United States,North America,Six Flags
Black River Falls,Six Flags White Water Atlanta,16,United States,North America,Six Flags
Harry Potter and the Escape from Gringotts,Universal Studios Florida,47,United States,North America,Universal
Despicable Me Minion Mayhem,Universal Studios Florida,41,United States,North America,Universal
Hollywood Rip Ride Rockit,Universal Studios Florida,36,United States,North America,Universal
Hogwarts Express (King's Cross),Universal Studios Florida,33,United States,North America,Universal
Revenge of the Mummy,Universal Studios Florida,30,United States,North America,Universal
Transformers The Ride,Universal Studios Florida,30,United States,North America,Universal
The Simpsons Ride,Universal Studios Florida,25,United States,North America,Universal
Trollercoaster,Universal Studios Florida,25,United States,North America,Universal
ET Adventure,Universal Studios Florida,23,United States,North America,Universal
Fast and Furious Supercharged,Universal Studios Florida,23,United States,North America,Universal
Mario Kart: Bowser's Challenge,Universal Studios Hollywood,65,United States,North America,Universal
The Simpsons Ride,Universal Studios Hollywood,44,United States,North America,Universal
Jurassic World The Ride,Universal Studios Hollywood,38,United States,North America,Universal
Transformers The Ride,Universal Studios Hollywood,34,United States,North America,Universal
Harry Potter and the Forbidden Journey,Universal Studios Hollywood,32,United States,North America,Universal
Revenge of the Mummy,Universal Studios Hollywood,32,United States,North America,Universal
Secret Life of Pets: Off the Leash,Universal Studios Hollywood,30,United States,North America,Universal
Despicable Me Minion Mayhem,Universal Studios Hollywood,29,United States,North America,Universal
Studio Tour,Universal Studios Hollywood,26,United States,North America,Universal
Flight of the Hippogriff,Universal Studios Hollywood,22,United States,North America,Universal
Mad Mouse,Valleyfair,26,United States,North America,Six Flags
North Star,Valleyfair,24,United States,North America,Six Flags
Power Tower (Turbo Drop),Valleyfair,21,United States,North America,Six Flags
Renegade,Valleyfair,20,United States,North America,Six Flags
Thunder Canyon,Valleyfair,20,United States,North America,Six Flags
High Roller,Valleyfair,19,United States,North America,Six Flags
Xtreme Swing,Valleyfair,18,United States,North America,Six Flags
Power Tower (Space Shot),Valleyfair,17,United States,North America,Six Flags
Steel Venom,Valleyfair,17,United States,North America,Six Flags
Wild Thing,Valleyfair,16,United States,North America,Six Flags
Zambezi Zinger,Worlds of Fun,42,United States,North America,Six Flags
Spinning Dragons,Worlds of Fun,40,United States,North America,Six Flags
Fury of the Nile,Worlds of Fun,35,United States,North America,Six Flags
Viking Voyager,Worlds of Fun,31,United States,North America,Six Flags
Patriot,Worlds of Fun,29,United States,North America,Six Flags
Mamba,Worlds of Fun,24,United States,North America,Six Flags
Timberwolf,Worlds of Fun,22,United States,North America,Six Flags
Detonator,Worlds of Fun,19,United States,North America,Six Flags
Boomerang,Worlds of Fun,17,United States,North America,Six Flags
Le TaxiTour,Worlds of Fun,17,United States,North America,Six Flags
